INSERT INTO tb_user (first_Name, last_Name, gender, email, password) VALUES ('Alex', 'Brown', 'masculino', 'alex@gmail.com', '$2a$10$eACCYoNOHEqXve8aIWT8Nu3PkMXWBaOxJ9aORUYzfMQCbVBIhZ8tG');
INSERT INTO tb_user (first_Name, last_Name, gender, email, password) VALUES ('Maria', 'Green', 'feminino', 'maria@gmail.com', '$2a$10$eACCYoNOHEqXve8aIWT8Nu3PkMXWBaOxJ9aORUYzfMQCbVBIhZ8tG');
INSERT INTO tb_user (first_Name, last_Name, gender, email, password) VALUES ('João', 'Gray', 'masculino', 'joao@gmail.com', '$2a$10$eACCYoNOHEqXve8aIWT8Nu3PkMXWBaOxJ9aORUYzfMQCbVBIhZ8tG');
INSERT INTO tb_user (first_Name, last_Name, gender, email, password) VALUES ('Bruno', 'Red', 'masculino', 'bruno@gmail.com', '$2a$10$eACCYoNOHEqXve8aIWT8Nu3PkMXWBaOxJ9aORUYzfMQCbVBIhZ8tG');
INSERT INTO tb_user (first_Name, last_Name, gender, email, password) VALUES ('Rodrigo', 'Black', 'masculino', 'rodrigo@gmail.com', '$2a$10$eACCYoNOHEqXve8aIWT8Nu3PkMXWBaOxJ9aORUYzfMQCbVBIhZ8tG');
INSERT INTO tb_user (first_Name, last_Name, gender, email, password) VALUES ('Monica', 'Beff', 'feminino', 'monica@gmail.com', '$2a$10$eACCYoNOHEqXve8aIWT8Nu3PkMXWBaOxJ9aORUYzfMQCbVBIhZ8tG');
INSERT INTO tb_user (first_Name, last_Name, gender, email, password) VALUES ('Vanessa', 'Always', 'feminino', 'vanessa@gmail.com', '$2a$10$eACCYoNOHEqXve8aIWT8Nu3PkMXWBaOxJ9aORUYzfMQCbVBIhZ8tG');
INSERT INTO tb_user (first_Name, last_Name, gender, email, password) VALUES ('Amanda', 'Forget', 'feminino', 'amanda@gmail.com', '$2a$10$eACCYoNOHEqXve8aIWT8Nu3PkMXWBaOxJ9aORUYzfMQCbVBIhZ8tG');
INSERT INTO tb_user (first_Name, last_Name, gender, email, password) VALUES ('Beatriz', 'Netto', 'feminino', 'beatriz@gmail.com', '$2a$10$eACCYoNOHEqXve8aIWT8Nu3PkMXWBaOxJ9aORUYzfMQCbVBIhZ8tG');
INSERT INTO tb_user (first_Name, last_Name, gender, email, password) VALUES ('Dione', 'Guimarães', 'feminino', 'dione@gmail.com', '$2a$10$eACCYoNOHEqXve8aIWT8Nu3PkMXWBaOxJ9aORUYzfMQCbVBIhZ8tG');
INSERT INTO tb_user (first_Name, last_Name, gender, email, password) VALUES ('Monica', 'Chubaka', 'feminino', 'chubaka.monica@gmail.com', '$2a$10$eACCYoNOHEqXve8aIWT8Nu3PkMXWBaOxJ9aORUYzfMQCbVBIhZ8tG');
INSERT INTO tb_user (first_Name, last_Name, gender, email, password) VALUES ('Renata', 'Wars', 'feminino', 'renata@gmail.com', '$2a$10$eACCYoNOHEqXve8aIWT8Nu3PkMXWBaOxJ9aORUYzfMQCbVBIhZ8tG');
INSERT INTO tb_user (first_Name, last_Name, gender, email, password) VALUES ('Ana', 'Coder', 'feminino', 'ana@gmail.com', '$2a$10$eACCYoNOHEqXve8aIWT8Nu3PkMXWBaOxJ9aORUYzfMQCbVBIhZ8tG');
INSERT INTO tb_user (first_Name, last_Name, gender, email, password) VALUES ('Adalberto', 'Bingor', 'masculino', 'adalberto@gmail.com', '$2a$10$eACCYoNOHEqXve8aIWT8Nu3PkMXWBaOxJ9aORUYzfMQCbVBIhZ8tG');
INSERT INTO tb_user (first_Name, last_Name, gender, email, password) VALUES ('Alvaro', 'Fernandes', 'masculino', 'alvaro@gmail.com', '$2a$10$eACCYoNOHEqXve8aIWT8Nu3PkMXWBaOxJ9aORUYzfMQCbVBIhZ8tG');
INSERT INTO tb_user (first_Name, last_Name, gender, email, password) VALUES ('Mike', 'Orange', 'masculino', 'mike@gmail.com', '$2a$10$eACCYoNOHEqXve8aIWT8Nu3PkMXWBaOxJ9aORUYzfMQCbVBIhZ8tG');
INSERT INTO tb_user (first_Name, last_Name, gender, email, password) VALUES ('Bianca', 'Yellow', 'feminino', 'bianca@gmail.com', '$2a$10$eACCYoNOHEqXve8aIWT8Nu3PkMXWBaOxJ9aORUYzfMQCbVBIhZ8tG');
INSERT INTO tb_user (first_Name, last_Name, gender, email, password) VALUES ('Cristiane', 'Bourbon', 'feminino', 'cristiane@gmail.com', '$2a$10$eACCYoNOHEqXve8aIWT8Nu3PkMXWBaOxJ9aORUYzfMQCbVBIhZ8tG');
INSERT INTO tb_user (first_Name, last_Name, gender, email, password) VALUES ('Elenir', 'Chocolaterin', 'feminino', 'elenir@gmail.com', '$2a$10$eACCYoNOHEqXve8aIWT8Nu3PkMXWBaOxJ9aORUYzfMQCbVBIhZ8tG');
INSERT INTO tb_user (first_Name, last_Name, gender, email, password) VALUES ('Alexandra', 'Golders', 'feminino', 'alexandra@gmail.com', '$2a$10$eACCYoNOHEqXve8aIWT8Nu3PkMXWBaOxJ9aORUYzfMQCbVBIhZ8tG');
INSERT INTO tb_user (first_Name, last_Name, gender, email, password) VALUES ('Joaquim', 'Paulo', 'masculino', 'joaquim@gmail.com', '$2a$10$eACCYoNOHEqXve8aIWT8Nu3PkMXWBaOxJ9aORUYzfMQCbVBIhZ8tG');
INSERT INTO tb_user (first_Name, last_Name, gender, email, password) VALUES ('Mariana', 'Green', 'feminino', 'mariana@gmail.com', '$2a$10$eACCYoNOHEqXve8aIWT8Nu3PkMXWBaOxJ9aORUYzfMQCbVBIhZ8tG');
INSERT INTO tb_user (first_Name, last_Name, gender, email, password) VALUES ('Alec', 'Gray', 'masculino', 'alec@gmail.com', '$2a$10$eACCYoNOHEqXve8aIWT8Nu3PkMXWBaOxJ9aORUYzfMQCbVBIhZ8tG');
INSERT INTO tb_user (first_Name, last_Name, gender, email, password) VALUES ('Brunno', 'Chubaka', 'masculino', 'brunno@gmail.com', '$2a$10$eACCYoNOHEqXve8aIWT8Nu3PkMXWBaOxJ9aORUYzfMQCbVBIhZ8tG');
INSERT INTO tb_user (first_Name, last_Name, gender, email, password) VALUES ('Rosivaldo', 'Black', 'masculino', 'rosivaldo@gmail.com', '$2a$10$eACCYoNOHEqXve8aIWT8Nu3PkMXWBaOxJ9aORUYzfMQCbVBIhZ8tG');
INSERT INTO tb_user (first_Name, last_Name, gender, email, password) VALUES ('Marinha', 'Beff', 'feminino', 'morinha@gmail.com', '$2a$10$eACCYoNOHEqXve8aIWT8Nu3PkMXWBaOxJ9aORUYzfMQCbVBIhZ8tG');
INSERT INTO tb_user (first_Name, last_Name, gender, email, password) VALUES ('Joana', 'Always', 'feminino', 'joana@gmail.com', '$2a$10$eACCYoNOHEqXve8aIWT8Nu3PkMXWBaOxJ9aORUYzfMQCbVBIhZ8tG');
INSERT INTO tb_user (first_Name, last_Name, gender, email, password) VALUES ('Arlequina', 'Forget', 'feminino', 'arlequina@gmail.com', '$2a$10$eACCYoNOHEqXve8aIWT8Nu3PkMXWBaOxJ9aORUYzfMQCbVBIhZ8tG');
INSERT INTO tb_user (first_Name, last_Name, gender, email, password) VALUES ('Bean', 'Netto', 'feminino', 'bean@gmail.com', '$2a$10$eACCYoNOHEqXve8aIWT8Nu3PkMXWBaOxJ9aORUYzfMQCbVBIhZ8tG');
INSERT INTO tb_user (first_Name, last_Name, gender, email, password) VALUES ('Dyana', 'Guimarães', 'feminino', 'dyana@gmail.com', '$2a$10$eACCYoNOHEqXve8aIWT8Nu3PkMXWBaOxJ9aORUYzfMQCbVBIhZ8tG');
INSERT INTO tb_user (first_Name, last_Name, gender, email, password) VALUES ('Molly', 'Chubaka', 'feminino', 'molly@gmail.com', '$2a$10$eACCYoNOHEqXve8aIWT8Nu3PkMXWBaOxJ9aORUYzfMQCbVBIhZ8tG');
INSERT INTO tb_user (first_Name, last_Name, gender, email, password) VALUES ('Jennifer', 'Wars', 'feminino', 'jennifer@gmail.com', '$2a$10$eACCYoNOHEqXve8aIWT8Nu3PkMXWBaOxJ9aORUYzfMQCbVBIhZ8tG');
INSERT INTO tb_user (first_Name, last_Name, gender, email, password) VALUES ('Phoebe', 'Coder', 'feminino', 'phoebe@gmail.com', '$2a$10$eACCYoNOHEqXve8aIWT8Nu3PkMXWBaOxJ9aORUYzfMQCbVBIhZ8tG');
INSERT INTO tb_user (first_Name, last_Name, gender, email, password) VALUES ('Ross', 'Bingor', 'masculino', 'ross@gmail.com', '$2a$10$eACCYoNOHEqXve8aIWT8Nu3PkMXWBaOxJ9aORUYzfMQCbVBIhZ8tG');
INSERT INTO tb_user (first_Name, last_Name, gender, email, password) VALUES ('Joey', 'Fernandes', 'masculino', 'joey@gmail.com', '$2a$10$eACCYoNOHEqXve8aIWT8Nu3PkMXWBaOxJ9aORUYzfMQCbVBIhZ8tG');
INSERT INTO tb_user (first_Name, last_Name, gender, email, password) VALUES ('Chandler', 'Orange', 'masculino', 'chandler@gmail.com', '$2a$10$eACCYoNOHEqXve8aIWT8Nu3PkMXWBaOxJ9aORUYzfMQCbVBIhZ8tG');
INSERT INTO tb_user (first_Name, last_Name, gender, email, password) VALUES ('Betty', 'Yellow', 'feminino', 'betty@gmail.com', '$2a$10$eACCYoNOHEqXve8aIWT8Nu3PkMXWBaOxJ9aORUYzfMQCbVBIhZ8tG');
INSERT INTO tb_user (first_Name, last_Name, gender, email, password) VALUES ('Florinda', 'Bourbon', 'feminino', 'florinda@gmail.com', '$2a$10$eACCYoNOHEqXve8aIWT8Nu3PkMXWBaOxJ9aORUYzfMQCbVBIhZ8tG');
INSERT INTO tb_user (first_Name, last_Name, gender, email, password) VALUES ('Joaquina', 'Chocolaterin', 'feminino', 'joaquina@gmail.com', '$2a$10$eACCYoNOHEqXve8aIWT8Nu3PkMXWBaOxJ9aORUYzfMQCbVBIhZ8tG');
INSERT INTO tb_user (first_Name, last_Name, gender, email, password) VALUES ('Alessandra', 'Golders', 'feminino', 'alessandra@gmail.com', '$2a$10$eACCYoNOHEqXve8aIWT8Nu3PkMXWBaOxJ9aORUYzfMQCbVBIhZ8tG');
INSERT INTO tb_user (first_Name, last_Name, gender, email, password) VALUES ('Luiza', 'Tuner', 'feminino', 'luiza@gmail.com', '$2a$10$eACCYoNOHEqXve8aIWT8Nu3PkMXWBaOxJ9aORUYzfMQCbVBIhZ8tG');
INSERT INTO tb_user (first_Name, last_Name, gender, email, password) VALUES ('Luiz', 'Joplin', 'masculino', 'luiz@gmail.com', '$2a$10$eACCYoNOHEqXve8aIWT8Nu3PkMXWBaOxJ9aORUYzfMQCbVBIhZ8tG');
INSERT INTO tb_user (first_Name, last_Name, gender, email, password) VALUES ('Gunther', 'Jackson', 'masculino', 'gunther@gmail.com', '$2a$10$eACCYoNOHEqXve8aIWT8Nu3PkMXWBaOxJ9aORUYzfMQCbVBIhZ8tG');
INSERT INTO tb_user (first_Name, last_Name, gender, email, password) VALUES ('Fernando', 'Aguilera', 'masculino', 'fernando@gmail.com', '$2a$10$eACCYoNOHEqXve8aIWT8Nu3PkMXWBaOxJ9aORUYzfMQCbVBIhZ8tG');
INSERT INTO tb_user (first_Name, last_Name, gender, email, password) VALUES ('Cristina', 'Houston', 'feminino', 'cristina@gmail.com', '$2a$10$eACCYoNOHEqXve8aIWT8Nu3PkMXWBaOxJ9aORUYzfMQCbVBIhZ8tG');
INSERT INTO tb_user (first_Name, last_Name, gender, email, password) VALUES ('Dolores', 'Tuner', 'feminino', 'dolores@gmail.com', '$2a$10$eACCYoNOHEqXve8aIWT8Nu3PkMXWBaOxJ9aORUYzfMQCbVBIhZ8tG');
INSERT INTO tb_user (first_Name, last_Name, gender, email, password) VALUES ('Janis', 'Joplin', 'feminino', 'janis@gmail.com', '$2a$10$eACCYoNOHEqXve8aIWT8Nu3PkMXWBaOxJ9aORUYzfMQCbVBIhZ8tG');
INSERT INTO tb_user (first_Name, last_Name, gender, email, password) VALUES ('Mork', 'Jhonson', 'masculino', 'mork@gmail.com', '$2a$10$eACCYoNOHEqXve8aIWT8Nu3PkMXWBaOxJ9aORUYzfMQCbVBIhZ8tG');
INSERT INTO tb_user (first_Name, last_Name, gender, email, password) VALUES ('Silvia', 'Viotto', 'feminino', 'silvia@gmail.com', '$2a$10$eACCYoNOHEqXve8aIWT8Nu3PkMXWBaOxJ9aORUYzfMQCbVBIhZ8tG');
INSERT INTO tb_user (first_Name, last_Name, gender, email, password) VALUES ('Magdalena', 'Houston', 'feminino', 'magdalena@gmail.com', '$2a$10$eACCYoNOHEqXve8aIWT8Nu3PkMXWBaOxJ9aORUYzfMQCbVBIhZ8tG');

INSERT INTO tb_role (authority) VALUES ('ROLE_USER');
INSERT INTO tb_role (authority) VALUES ('ROLE_DOCTOR');
INSERT INTO tb_role (authority) VALUES ('ROLE_ADMIN');

INSERT INTO tb_user_role (user_id, role_id) VALUES (1, 1);
INSERT INTO tb_user_role (user_id, role_id) VALUES (1, 2);
INSERT INTO tb_user_role (user_id, role_id) VALUES (1, 3);
INSERT INTO tb_user_role (user_id, role_id) VALUES (2, 1);
INSERT INTO tb_user_role (user_id, role_id) VALUES (2, 2);
INSERT INTO tb_user_role (user_id, role_id) VALUES (2, 3);

INSERT INTO tb_user_role (user_id, role_id) VALUES (3, 1);
INSERT INTO tb_user_role (user_id, role_id) VALUES (3, 2);
INSERT INTO tb_user_role (user_id, role_id) VALUES (4, 1);
INSERT INTO tb_user_role (user_id, role_id) VALUES (4, 2);
INSERT INTO tb_user_role (user_id, role_id) VALUES (5, 1);
INSERT INTO tb_user_role (user_id, role_id) VALUES (5, 2);
INSERT INTO tb_user_role (user_id, role_id) VALUES (6, 1);
INSERT INTO tb_user_role (user_id, role_id) VALUES (6, 2);
INSERT INTO tb_user_role (user_id, role_id) VALUES (7, 1);
INSERT INTO tb_user_role (user_id, role_id) VALUES (7, 2);
INSERT INTO tb_user_role (user_id, role_id) VALUES (8, 1);
INSERT INTO tb_user_role (user_id, role_id) VALUES (8, 2);
INSERT INTO tb_user_role (user_id, role_id) VALUES (9, 1);
INSERT INTO tb_user_role (user_id, role_id) VALUES (9, 2);
INSERT INTO tb_user_role (user_id, role_id) VALUES (10, 1);
INSERT INTO tb_user_role (user_id, role_id) VALUES (10, 2);
INSERT INTO tb_user_role (user_id, role_id) VALUES (11, 1);
INSERT INTO tb_user_role (user_id, role_id) VALUES (11, 2);
INSERT INTO tb_user_role (user_id, role_id) VALUES (12, 1);
INSERT INTO tb_user_role (user_id, role_id) VALUES (12, 2);
INSERT INTO tb_user_role (user_id, role_id) VALUES (13, 1);
INSERT INTO tb_user_role (user_id, role_id) VALUES (13, 2);
INSERT INTO tb_user_role (user_id, role_id) VALUES (14, 1);
INSERT INTO tb_user_role (user_id, role_id) VALUES (14, 2);
INSERT INTO tb_user_role (user_id, role_id) VALUES (15, 1);
INSERT INTO tb_user_role (user_id, role_id) VALUES (15, 2);
INSERT INTO tb_user_role (user_id, role_id) VALUES (16, 1);
INSERT INTO tb_user_role (user_id, role_id) VALUES (16, 2);
INSERT INTO tb_user_role (user_id, role_id) VALUES (17, 1);
INSERT INTO tb_user_role (user_id, role_id) VALUES (17, 2);
INSERT INTO tb_user_role (user_id, role_id) VALUES (18, 1);
INSERT INTO tb_user_role (user_id, role_id) VALUES (18, 2);
INSERT INTO tb_user_role (user_id, role_id) VALUES (19, 1);
INSERT INTO tb_user_role (user_id, role_id) VALUES (19, 2);
INSERT INTO tb_user_role (user_id, role_id) VALUES (20, 1);
INSERT INTO tb_user_role (user_id, role_id) VALUES (20, 2);

INSERT INTO tb_user_role (user_id, role_id) VALUES (21, 1);
INSERT INTO tb_user_role (user_id, role_id) VALUES (22, 1);
INSERT INTO tb_user_role (user_id, role_id) VALUES (23, 1);
INSERT INTO tb_user_role (user_id, role_id) VALUES (24, 1);
INSERT INTO tb_user_role (user_id, role_id) VALUES (25, 1);
INSERT INTO tb_user_role (user_id, role_id) VALUES (26, 1);
INSERT INTO tb_user_role (user_id, role_id) VALUES (27, 1);
INSERT INTO tb_user_role (user_id, role_id) VALUES (28, 1);
INSERT INTO tb_user_role (user_id, role_id) VALUES (29, 1);
INSERT INTO tb_user_role (user_id, role_id) VALUES (30, 1);
INSERT INTO tb_user_role (user_id, role_id) VALUES (31, 1);
INSERT INTO tb_user_role (user_id, role_id) VALUES (32, 1);
INSERT INTO tb_user_role (user_id, role_id) VALUES (33, 1);
INSERT INTO tb_user_role (user_id, role_id) VALUES (34, 1);
INSERT INTO tb_user_role (user_id, role_id) VALUES (35, 1);
INSERT INTO tb_user_role (user_id, role_id) VALUES (36, 1);
INSERT INTO tb_user_role (user_id, role_id) VALUES (37, 1);
INSERT INTO tb_user_role (user_id, role_id) VALUES (38, 1);
INSERT INTO tb_user_role (user_id, role_id) VALUES (39, 1);
INSERT INTO tb_user_role (user_id, role_id) VALUES (40, 1);
INSERT INTO tb_user_role (user_id, role_id) VALUES (41, 1);
INSERT INTO tb_user_role (user_id, role_id) VALUES (42, 1);
INSERT INTO tb_user_role (user_id, role_id) VALUES (43, 1);
INSERT INTO tb_user_role (user_id, role_id) VALUES (44, 1);
INSERT INTO tb_user_role (user_id, role_id) VALUES (45, 1);
INSERT INTO tb_user_role (user_id, role_id) VALUES (46, 1);
INSERT INTO tb_user_role (user_id, role_id) VALUES (47, 1);
INSERT INTO tb_user_role (user_id, role_id) VALUES (48, 1);
INSERT INTO tb_user_role (user_id, role_id) VALUES (49, 1);
INSERT INTO tb_user_role (user_id, role_id) VALUES (50, 1);

INSERT INTO tb_specialization (name) VALUES ('Ortopedista');
INSERT INTO tb_specialization (name) VALUES ('Clínico Geral');
INSERT INTO tb_specialization (name) VALUES ('Neurologista');
INSERT INTO tb_specialization (name) VALUES ('Otorrino');
INSERT INTO tb_specialization (name) VALUES ('Ginecologista');
INSERT INTO tb_specialization (name) VALUES ('Gastroenterologia');
INSERT INTO tb_specialization (name) VALUES ('Infectologia');
INSERT INTO tb_specialization (name) VALUES ('Medicina intensiva');
INSERT INTO tb_specialization (name) VALUES ('Oncologia');
INSERT INTO tb_specialization (name) VALUES ('Pneumologia');
INSERT INTO tb_specialization (name) VALUES ('Urologia');
INSERT INTO tb_specialization (name) VALUES ('Oftalmologia');
INSERT INTO tb_specialization (name) VALUES ('Hematologia e hemoterapia');
INSERT INTO tb_specialization (name) VALUES ('Psiquiatria');
INSERT INTO tb_specialization (name) VALUES ('Nutrologia');

INSERT INTO tb_state (name) VALUES ('São Paulo');
INSERT INTO tb_state (name) VALUES ('Rio de Janeiro');

INSERT INTO tb_city (name, state_id) VALUES ('São Paulo', 1)
INSERT INTO tb_city (name, state_id) VALUES ('Rio de Janeiro', 2)

INSERT INTO tb_address (public_Place, number, neighborhood, zip_Code, room, city_id) VALUES ('Rua Downson', '100', 'Downson', '13208050', '2A', 1);
INSERT INTO tb_address (public_Place, number, neighborhood, zip_Code, room, city_id) VALUES ('Rua Flower', '560', 'Downcarl', '13208050', '2A', 1);
INSERT INTO tb_address (public_Place, number, neighborhood, zip_Code, room, city_id) VALUES ('Rua Roses', '890', 'Dowdown', '13208050', '2A', 1);
INSERT INTO tb_address (public_Place, number, neighborhood, zip_Code, room, city_id) VALUES ('Rua Betina', '200', 'Betina', '14208050', '3B', 1);
INSERT INTO tb_address (public_Place, number, neighborhood, zip_Code, room, city_id) VALUES ('Rua Houston', '300', 'Houston', '15208050', '4C', 1);
INSERT INTO tb_address (public_Place, number, neighborhood, zip_Code, room, city_id) VALUES ('Rua Liberty', '400', 'Liberty', '16208050', '5D', 1);
INSERT INTO tb_address (public_Place, number, neighborhood, zip_Code, room, city_id) VALUES ('Rua Redrose', '580', 'Liberty Square', '17208051', '7D', 2);
INSERT INTO tb_address (public_Place, number, neighborhood, zip_Code, room, city_id) VALUES ('Rua Los Hermanos', '180', 'Libertos', '17208051', '7D', 2);
INSERT INTO tb_address (public_Place, number, neighborhood, zip_Code, room, city_id) VALUES ('Rua Brasil', '120', 'Brasil', '16608050', '6D', 2);
INSERT INTO tb_address (public_Place, number, neighborhood, zip_Code, room, city_id) VALUES ('Rua Carminha', '980', 'Carminha', '17208051', '7D', 2);

INSERT INTO tb_doctor (first_Name, last_Name, appointment_Price, insurance, evaluation, specialization_id, address_id) VALUES ('Alex', 'Brown', 500.00, true, 5.0, 1, 1);
INSERT INTO tb_doctor (first_Name, last_Name, appointment_Price, insurance, evaluation, specialization_id, address_id) VALUES ('Monica', 'Railway', 350.00, true, 4.8, 1, 1);
INSERT INTO tb_doctor (first_Name, last_Name, appointment_Price, insurance, evaluation, specialization_id, address_id) VALUES ('Maria', 'Green', 450.00, false, 4.5, 1, 1);
INSERT INTO tb_doctor (first_Name, last_Name, appointment_Price, insurance, evaluation, specialization_id, address_id) VALUES ('João', 'Gray', 350.00, true, 4.7, 2, 2);
INSERT INTO tb_doctor (first_Name, last_Name, appointment_Price, insurance, evaluation, specialization_id, address_id) VALUES ('Bruno', 'Red', 300.00, false, 4.8, 2, 2);
INSERT INTO tb_doctor (first_Name, last_Name, appointment_Price, insurance, evaluation, specialization_id, address_id) VALUES ('Rodrigo', 'Black', 320.00, true, 4.9, 2, 2);
INSERT INTO tb_doctor (first_Name, last_Name, appointment_Price, insurance, evaluation, specialization_id, address_id) VALUES ('Monica', 'Beff', 460.00, true, 4.9, 3, 3);
INSERT INTO tb_doctor (first_Name, last_Name, appointment_Price, insurance, evaluation, specialization_id, address_id) VALUES ('Vanessa', 'Always', 310.00, false, 4.9, 3, 3);
INSERT INTO tb_doctor (first_Name, last_Name, appointment_Price, insurance, evaluation, specialization_id, address_id) VALUES ('Amanda', 'Forget', 280.00, true, 4.9, 3, 4);
INSERT INTO tb_doctor (first_Name, last_Name, appointment_Price, insurance, evaluation, specialization_id, address_id) VALUES ('Beatriz', 'Netto', 180.00, false, 4.9, 4, 4);
INSERT INTO tb_doctor (first_Name, last_Name, appointment_Price, insurance, evaluation, specialization_id, address_id) VALUES ('Dione', 'Guimarães', 120.00, true, 4.9, 4, 5);
INSERT INTO tb_doctor (first_Name, last_Name, appointment_Price, insurance, evaluation, specialization_id, address_id) VALUES ('Monica', 'Chubaka', 400.00, true, 4.9, 4, 5);
INSERT INTO tb_doctor (first_Name, last_Name, appointment_Price, insurance, evaluation, specialization_id, address_id) VALUES ('Renata', 'Wars', 170.00, false, 4.9, 5, 6);
INSERT INTO tb_doctor (first_Name, last_Name, appointment_Price, insurance, evaluation, specialization_id, address_id) VALUES ('Ana', 'Coder', 240.00, true, 4.9, 5, 6);
INSERT INTO tb_doctor (first_Name, last_Name, appointment_Price, insurance, evaluation, specialization_id, address_id) VALUES ('Adalberto', 'Bingor', 180.00, true, 4.9, 5, 1);
INSERT INTO tb_doctor (first_Name, last_Name, appointment_Price, insurance, evaluation, specialization_id, address_id) VALUES ('Alvaro', 'Fernandes', 230.00, true, 4.9, 6, 2);
INSERT INTO tb_doctor (first_Name, last_Name, appointment_Price, insurance, evaluation, specialization_id, address_id) VALUES ('Mike', 'Orange', 320.00, false, 4.9, 6, 3);
INSERT INTO tb_doctor (first_Name, last_Name, appointment_Price, insurance, evaluation, specialization_id, address_id) VALUES ('Bianca', 'Yellow', 150.00, false, 4.9, 6, 4);
INSERT INTO tb_doctor (first_Name, last_Name, appointment_Price, insurance, evaluation, specialization_id, address_id) VALUES ('Cristiane', 'Bourbon', 230.00, true, 4.9, 7, 5);
INSERT INTO tb_doctor (first_Name, last_Name, appointment_Price, insurance, evaluation, specialization_id, address_id) VALUES ('Elenir', 'Chocolaterin', 410.00, true, 4.9, 7, 6);

INSERT INTO tb_appointment (date, diagnosis, symptom, user_id, doctor_id) VALUES (TIMESTAMP WITH TIME ZONE '2020-07-05T07:00:00Z', 'Lombalgia', 'Dores fortes na lombar', 10, 1);
INSERT INTO tb_appointment (date, diagnosis, symptom, user_id, doctor_id) VALUES (TIMESTAMP WITH TIME ZONE '2021-08-06T08:10:00Z', 'Bursite', 'Dores no ombro', 9, 1);
INSERT INTO tb_appointment (date, diagnosis, symptom, user_id, doctor_id) VALUES (TIMESTAMP WITH TIME ZONE '2022-09-07T09:20:00Z', 'Sinusite', 'Dores de cabeça', 8, 2);
INSERT INTO tb_appointment (date, diagnosis, symptom, user_id, doctor_id) VALUES (TIMESTAMP WITH TIME ZONE '2023-10-08T10:30:00Z', 'Rinite', 'Alergia respiratória', 7, 2);
INSERT INTO tb_appointment (date, diagnosis, symptom, user_id, doctor_id) VALUES (TIMESTAMP WITH TIME ZONE '2020-11-09T11:40:00Z', 'AVC', 'Confusão mental', 6, 3);
INSERT INTO tb_appointment (date, diagnosis, symptom, user_id, doctor_id) VALUES (TIMESTAMP WITH TIME ZONE '2021-12-10T12:50:00Z', 'Enxaqueca', 'Sensibilidade luz, som e dores de cabeça', 5, 3);
INSERT INTO tb_appointment (date, diagnosis, symptom, user_id, doctor_id) VALUES (TIMESTAMP WITH TIME ZONE '2022-01-11T13:00:00Z', 'Desvio do septo', 'Dificuldade respirar, coriza', 7, 4);
INSERT INTO tb_appointment (date, diagnosis, symptom, user_id, doctor_id) VALUES (TIMESTAMP WITH TIME ZONE '2023-02-12T14:00:00Z', 'Amigdalite', 'Mau hálito, inchaço dos gânglios', 3, 4);
INSERT INTO tb_appointment (date, diagnosis, symptom, user_id, doctor_id) VALUES (TIMESTAMP WITH TIME ZONE '2020-03-13T15:10:00Z', 'Candidíase', 'Ardor vaginal', 9, 5);
INSERT INTO tb_appointment (date, diagnosis, symptom, user_id, doctor_id) VALUES (TIMESTAMP WITH TIME ZONE '2020-07-05T07:00:00Z', 'Covid', 'Febre alta', 10, 2);
INSERT INTO tb_appointment (date, diagnosis, symptom, user_id, doctor_id) VALUES (TIMESTAMP WITH TIME ZONE '2024-01-09T15:00:00Z', '', '', 3, 15);
INSERT INTO tb_appointment (date, diagnosis, symptom, user_id, doctor_id) VALUES (TIMESTAMP WITH TIME ZONE '2023-11-03T10:00:00Z', '', '', 40, 7);
INSERT INTO tb_appointment (date, diagnosis, symptom, user_id, doctor_id) VALUES (TIMESTAMP WITH TIME ZONE '2023-09-02T11:00:00Z', '', '', 23, 10);
INSERT INTO tb_appointment (date, diagnosis, symptom, user_id, doctor_id) VALUES (TIMESTAMP WITH TIME ZONE '2024-08-01T12:00:00Z', '', '', 19, 11);
INSERT INTO tb_appointment (date, diagnosis, symptom, user_id, doctor_id) VALUES (TIMESTAMP WITH TIME ZONE '2023-07-09T13:00:00Z', '', '', 39, 9);
INSERT INTO tb_appointment (date, diagnosis, symptom, user_id, doctor_id) VALUES (TIMESTAMP WITH TIME ZONE '2024-12-11T14:00:00Z', '', '', 45, 3);
INSERT INTO tb_appointment (date, diagnosis, symptom, user_id, doctor_id) VALUES (TIMESTAMP WITH TIME ZONE '2023-12-10T15:00:00Z', '', '', 31, 17);
INSERT INTO tb_appointment (date, diagnosis, symptom, user_id, doctor_id) VALUES (TIMESTAMP WITH TIME ZONE '2023-10-05T16:00:00Z', '', '', 1, 13);
INSERT INTO tb_appointment (date, diagnosis, symptom, user_id, doctor_id) VALUES (TIMESTAMP WITH TIME ZONE '2023-11-22T12:00:00Z', '', '', 1, 18);


